dumb	date	d1	d2	d3	d4	d5	d6	d7	d8	d9	d10	d11	d12	d13	d14	d15	d16	d17	d18	d19	d20	d21	d22	d23	d24	d25	d26	d27	d28	d29	d30	d31	d32	d33	d34	d35	d36	d37	d38	d39	d40	d41	d42	d43	d44	d45	d46	d47	d48	d49	d50	d51	d52	d53	d54	d55	d56	d57	d58	d59	d60	d61	d62
shortname	dummy	gdp	exclude	exclude	exclude	vehicles	furnishings	recreationalGoods	otherDurable	exclude	groceries	clothing	gasoline	otherNondurable	exclude	exclude	housingServices	healthCare	transportation	recreationServices	foodServices	financialServices	otherServices	otherServices	exclude	exclude	exclude	exclude	exclude	businessStructures	businessEquipment	exclude	exclude	exclude	exclude	exclude	exclude	businessSoftwareResearch	exclude	exclude	exclude	residentialInvestment	inventories	exclude	exclude	exclude	trade	exclude	exclude	trade	exclude	exclude	exclude	exclude	federalDefense	exclude	exclude	federalNondefense	exclude	exclude	stateGovernment	exclude	imports
sectorsize	dummy	15.9	10.9	3.7	1.4	0.4	0.3	0.5	0.2	2.4	0.8	0.3	0.3	0.9	7.2	6.9	2	1.8	0.3	0.4	0.7	0.7	0.9	0.3	1.2	0.8	2.7	2.6	2.1	0.4	1	0.3	*	0.2	0.2	0.2	0.2	0.6	0.3	0.3	0.1	0.5	0.1	0	0.1	-0.5	2.1	1.4	0.6	2.5	2.1	0.5	2.9	1.1	0.7	0.6	0.1	0.4	0.3	0.1	1.8	1.5	0.3
label	dummy	    Gross domestic product	Personal consumption expenditures	  Goods	    Durable goods	      Motor vehicles and parts	      Furnishings and durable household equipment	      Recreational goods and vehicles	      Other durable goods	    Nondurable goods	      Food and beverages purchased for off-premises consumption	      Clothing and footwear	      Gasoline and other energy goods	      Other nondurable goods	  Services	    Household consumption expenditures (for services)	      Housing and utilities	      Health care	      Transportation services	      Recreation services	      Food services and accommodations	      Financial services and insurance	      Other services	    Final consumption expenditures of nonprofit institutions serving households (NPISHs) 1	      Gross output of nonprofit institutions 2	      Less: Receipts from sales of goods and services by nonprofit institutions 3	Gross private domestic investment	  Fixed investment	    Nonresidential	      Structures	      Equipment	        Information processing equipment	          Computers and peripheral equipment	          Other	        Industrial equipment	        Transportation equipment	        Other equipment	      Intellectual property products	        Software 4	        Research and development 5	        Entertainment	    Residential	  Change in private inventories	    Farm	    Nonfarm	Net exports of goods and services	  Exports	    Goods	    Services	  Imports	    Goods	    Services	Government consumption expenditures and gross investment	  Federal	    National defense	      Consumption expenditures	      Gross investment	    Nondefense	      Consumption expenditures	      Gross investment	  State and local	    Consumption expenditures	    Gross investment
dd1	Q1_1999	3.8	2.74	1.16	0.08	-0.7	0.23	0.38	0.17	1.08	0.26	0.4	0.03	0.38	1.58	1.53	0.49	0.08	0.14	0.08	-0.05	0.49	0.3	0.05	0.16	0.11	2.16	1.25	1.17	-0.03	0.81	0.56	0.51	0.05	-0.01	0.07	0.19	0.39	0.28	0.11	 literary	0.07	0.91	-0.13	1.04	-1.38	-0.18	0.05	-0.23	-1.2	-1.19	-0.01	0.27	-0.23	-0.31	-0.2	-0.11	0.07	0	0.07	0.5	0.35	0.16
dd2	Q2_1999	3.4	4.06	2.21	1.66	1.01	0.19	0.41	0.06	0.55	0.22	0.1	0.12	0.11	1.85	1.81	0.46	0.14	0.12	0.15	0.1	0.53	0.3	0.05	0.13	0.08	0.05	1.73	1.44	-0.12	1.01	0.76	0.47	0.29	0.09	0.23	-0.08	0.55	0.44	0.12	 and artistic originals	0.3	-1.68	0.11	-1.79	-1.11	0.43	0.4	0.02	-1.54	-1.41	-0.13	0.41	0.13	0.17	0.02	0.15	-0.04	-0.13	0.09	0.27	0.27	0.01
dd3	Q3_1999	5.2	3.19	1.14	0.86	0.05	0.26	0.42	0.13	0.28	0.19	0.08	-0.08	0.1	2.05	2	0.5	0.29	0.2	0.21	0.06	0.48	0.26	0.05	0.18	0.13	1.94	1.72	1.57	0	0.99	0.42	0.18	0.24	0.08	0.42	0.06	0.59	0.36	0.18	0	0.15	0.22	-0.43	0.65	-0.8	1	0.76	0.24	-1.8	-1.65	-0.14	0.86	0.45	0.43	0.32	0.11	0.02	0.01	0.01	0.4	0.29	0.11
dd4	Q4_1999	7.1	3.74	1.66	0.44	-0.43	0.25	0.4	0.22	1.22	0.34	0.03	0.02	0.83	2.08	2	0.02	0.34	0.12	0.11	0.37	0.72	0.32	0.08	0.25	0.18	2.33	0.36	0.22	0.13	-0.19	-0.06	-0.05	-0.02	0.01	-0.25	0.11	0.28	0.22	0.03	-0.01	0.15	1.97	0.26	1.71	-0.06	1.13	0.96	0.17	-1.19	-1.07	-0.12	1.09	0.52	0.33	0.4	-0.07	0.19	0.05	0.14	0.57	0.26	0.31
dd5	Q1_2000	1.2	4.03	1.43	1.95	1.19	0.2	0.54	0.02	-0.53	-0.2	0.18	-0.26	-0.24	2.6	2.4	0.25	0.21	0.13	-0.01	0.26	1.1	0.46	0.2	0.2	0.01	-0.71	2.1	2	0.25	1.31	0.93	0.21	0.72	0.28	-0.05	0.15	0.45	0.24	0.16	0.05	0.1	-2.81	-0.56	-2.25	-1.57	0.66	0.59	0.07	-2.24	-1.82	-0.41	-0.59	-0.95	-0.96	-0.94	-0.02	0.01	0.17	-0.15	0.36	0.09	0.27
dd6	Q2_2000	7.8	2.54	0.54	-0.66	-1.08	0.16	0.12	0.14	1.2	0.33	0.24	0.12	0.51	2	1.97	0.64	0.47	0.11	0.09	0.14	0.07	0.44	0.03	0.23	0.2	4.72	1.75	1.85	0.5	1.12	0.74	0.42	0.31	0.17	0.08	0.13	0.23	0.2	-0.02	0.03	-0.1	2.97	0.9	2.07	-0.39	1.17	0.94	0.23	-1.55	-1.35	-0.2	0.9	0.88	0.67	0.67	0	0.2	0.22	-0.02	0.02	0.19	-0.17
dd7	Q3_2000	0.5	2.61	0.98	0.59	0.24	0.11	0.22	0.02	0.39	0.04	0.12	0.02	0.22	1.63	1.4	0.42	0.24	0.07	0.01	0.06	0.15	0.44	0.23	0.27	0.03	-1.01	0.3	0.6	0.43	0.09	0.3	0.14	0.16	0.11	-0.24	-0.09	0.08	0.01	0.07	0.05	-0.29	-1.31	-0.29	-1.01	-0.95	1.01	1.14	-0.13	-1.95	-1.66	-0.29	-0.15	-0.42	-0.3	-0.35	0.04	-0.11	-0.13	0.01	0.27	0.19	0.08
dd8	Q4_2000	2.1	2.34	0.82	0.24	0.04	0.05	0.18	-0.03	0.58	0.22	0.09	-0.06	0.33	1.52	1.33	0.75	0.38	0.04	-0.02	-0.05	0.13	0.11	0.19	0.31	0.12	0.06	0.14	0.13	0.04	-0.08	0.34	0.07	0.27	-0.09	-0.33	0	0.17	0.22	-0.03	0.05	0.02	-0.08	0.32	-0.41	-0.48	-0.33	-0.43	0.09	-0.15	-0.19	0.04	0.23	-0.13	0	0.01	0	-0.13	-0.11	-0.02	0.35	0.24	0.11
dd9	Q1_2001	-1.1	0.92	0.21	0.57	0.38	0.12	0.13	-0.06	-0.36	-0.06	-0.17	0.02	-0.14	0.71	0.67	0.23	0.52	0.02	0.08	0.12	-0.32	0.02	0.04	0.27	0.23	-3.6	-0.43	-0.51	-0.36	-0.26	-0.13	0.15	-0.28	0.02	-0.23	0.08	0.12	0.06	0.1	0	0.08	-3.17	-0.02	-3.15	0.47	-0.54	-0.45	-0.09	1.01	0.88	0.12	1.07	0.53	0.2	0.21	0	0.33	0.29	0.04	0.54	0.38	0.16
dd10	Q2_2001	2.1	0.71	0.25	-0.03	-0.24	0.07	0.24	-0.1	0.28	0.15	0.07	-0.11	0.16	0.46	0.31	-0.07	0.42	-0.04	-0.1	-0.16	-0.22	0.48	0.15	0.27	0.12	-0.24	-1.02	-1.31	0.07	-1.2	-0.62	-0.23	-0.39	-0.44	0.01	-0.15	-0.18	-0.17	0.01	-0.02	0.29	0.77	-0.33	1.1	0.24	-1.35	-1.2	-0.15	1.59	1.82	-0.23	1.43	0.49	0.26	0.12	0.14	0.23	0.19	0.04	0.95	0.39	0.56
dd11	Q3_2001	-1.2	0.88	0.67	0.39	0.16	0.08	0.18	-0.03	0.28	-0.06	-0.01	0.11	0.24	0.21	0.09	0.19	0.55	-0.19	-0.06	-0.09	-0.29	-0.02	0.12	0.34	0.22	-1.29	-0.6	-0.72	0.1	-0.69	-0.37	-0.23	-0.14	-0.24	-0.17	0.09	-0.13	-0.08	-0.05	-0.04	0.12	-0.69	0.16	-0.85	-0.75	-2.04	-1.58	-0.46	1.29	0.83	0.46	-0.05	0.21	0.17	0.09	0.08	0.04	0.03	0.02	-0.26	0.41	-0.67
dd12	Q4_2001	1	3.92	3.38	2.87	2.09	0.24	0.42	0.12	0.5	0.05	0.18	0	0.27	0.54	0.4	-0.04	0.6	-0.17	-0.01	-0.03	0.16	-0.11	0.15	0.37	0.22	-3.54	-1.68	-1.55	-1.23	-0.08	0.05	0.18	-0.12	-0.16	0.17	-0.15	-0.24	-0.21	-0.04	-0.03	-0.13	-1.86	-0.19	-1.67	-0.47	-1.04	-0.6	-0.44	0.57	0.34	0.23	1.07	0.2	0.11	0.05	0.06	0.09	0.06	0.03	0.88	0.33	0.55
dd13	Q1_2002	3.8	0.88	-0.24	-0.46	-1.13	0.26	0.31	0.1	0.22	-0.07	0.12	-0.03	0.21	1.11	0.98	0	0.76	0.01	0.06	0.23	-0.11	0.02	0.13	0.45	0.32	2.51	-0.38	-1.02	-0.62	-0.39	-0.11	0.16	-0.26	0.04	-0.26	-0.07	-0.01	0.06	-0.13	0	0.64	2.89	0.22	2.66	-0.68	0.56	-0.06	0.62	-1.24	-0.79	-0.45	1.11	0.64	0.35	0.3	0.05	0.28	0.17	0.11	0.47	0.31	0.16
dd14	Q2_2002	2.2	1.42	0.38	0.35	0.08	0.07	0.13	0.07	0.03	0.04	0	0.05	-0.07	1.05	0.84	0.2	0.56	-0.09	0.02	0.12	-0.01	0.04	0.21	0.44	0.24	0.73	-0.17	-0.66	-0.6	-0.27	-0.02	-0.06	0.04	-0.14	-0.29	0.18	0.21	0.17	0.02	0.01	0.49	0.9	-0.4	1.3	-0.68	1	0.89	0.11	-1.67	-1.78	0.11	0.72	0.62	0.38	0.16	0.22	0.24	0.21	0.03	0.11	0.22	-0.11
dd15	Q3_2002	1.9	1.91	1.19	1.05	0.91	-0.01	0.11	0.03	0.14	0.09	-0.06	0.02	0.09	0.72	0.43	0.08	0.31	-0.02	0.03	0.03	0.12	-0.12	0.29	0.35	0.06	0	-0.25	-0.31	-0.49	0.03	0.14	0.14	0	0.06	-0.15	-0.01	0.15	0.15	-0.05	0.06	0.06	0.25	0.21	0.04	-0.56	0.28	0.17	0.11	-0.83	-0.78	-0.05	0.59	0.42	0.28	0.11	0.17	0.14	0.1	0.04	0.17	0.11	0.06
dd16	Q4_2002	0.2	1.12	0.26	-0.5	-0.9	0.14	0.18	0.08	0.76	0.18	0.31	0.01	0.26	0.86	0.68	0.29	0.22	0	0.11	0.02	-0.02	0.04	0.18	0.14	-0.04	-0.14	-0.27	-0.64	-0.14	-0.42	-0.2	-0.05	-0.14	-0.03	-0.19	-0.01	-0.07	-0.17	0.07	0.02	0.37	0.13	0.05	0.08	-1.34	-0.33	-0.61	0.27	-1.01	-0.62	-0.39	0.55	0.5	0.35	0.32	0.03	0.15	0.12	0.03	0.05	-0.03	0.09
dd17	Q1_2003	2	1.34	0.52	0.11	-0.02	-0.03	0.15	0.01	0.41	0.17	-0.03	-0.07	0.35	0.82	0.81	0.1	0.24	0.05	-0.01	0.12	-0.18	0.48	0.01	0.04	0.03	0.57	0.43	0.04	-0.07	-0.07	0.21	0.1	0.12	-0.01	-0.39	0.12	0.17	0.15	-0.03	0.04	0.39	0.15	0.16	-0.02	0.37	-0.36	0.08	-0.44	0.73	0.54	0.19	-0.24	0.02	0	-0.07	0.07	0.02	0.01	0.01	-0.26	-0.19	-0.07
dd18	Q2_2003	3.8	3.05	2.03	1.59	0.6	0.35	0.44	0.19	0.43	-0.03	0.26	-0.02	0.22	1.03	0.92	0.14	0.21	-0.03	0.16	0.3	0.1	0.04	0.11	0.08	-0.03	0.37	1.43	1.09	0.26	0.71	0.11	0.02	0.09	0.2	0.35	0.05	0.12	0.07	-0.01	0.03	0.34	-1.06	-0.12	-0.94	-0.82	-0.12	0	-0.13	-0.69	-1.16	0.47	1.23	1.42	1.26	1.1	0.16	0.16	0.09	0.08	-0.19	-0.12	-0.07
dd19	Q3_2003	6.9	3.98	2.68	1.58	0.46	0.34	0.59	0.2	1.1	0.32	0.22	0.08	0.48	1.3	1.26	0.07	0.31	0.1	0.17	0.27	0.16	0.19	0.03	0.1	0.06	2.51	2.2	0.95	-0.04	0.67	0.44	0.16	0.28	-0.12	0.1	0.25	0.32	0.37	-0.05	0.06	1.25	0.31	0.05	0.27	0.41	0.98	0.54	0.44	-0.56	-0.09	-0.47	0.02	-0.16	-0.23	-0.3	0.07	0.07	0.07	0	0.18	-0.11	0.28
dd20	Q4_2003	4.6	2.02	0.88	0.46	-0.21	0.17	0.37	0.13	0.41	-0.04	0.02	0.08	0.35	1.14	1.13	0.35	0.27	0.06	0.15	0.16	0.16	-0.03	0.01	0.08	0.07	2.53	1.37	0.69	0.01	0.46	0.46	0.18	0.28	-0.11	0.02	0.09	0.22	0.25	-0.03	0.07	0.67	1.16	-0.07	1.23	-0.35	1.66	1.1	0.56	-2.02	-1.6	-0.42	0.42	0.56	0.53	0.45	0.08	0.03	0.06	-0.03	-0.13	-0.04	-0.09
dd21	Q1_2004	2.4	2.76	1.04	0.59	0.06	0.16	0.26	0.11	0.45	0.2	0.25	-0.02	0.02	1.72	1.61	0.31	0.28	0.09	0.16	0.17	0.31	0.3	0.11	0.2	0.09	0.07	-0.23	-0.5	-0.21	-0.35	-0.01	-0.05	0.04	-0.18	-0.11	-0.04	0.06	0.08	0	0.01	0.27	0.3	0.25	0.05	-0.63	0.9	0.5	0.4	-1.52	-1.29	-0.23	0.21	0.2	0.15	0.09	0.06	0.05	0.05	0	0.01	0.06	-0.05
dd22	Q2_2004	3.1	1.68	0.53	0.35	-0.02	0.13	0.25	-0.02	0.19	0.02	-0.12	0.01	0.27	1.14	1.17	0.35	0.47	0.08	0.11	0.02	0.06	0.08	-0.02	0.19	0.22	2.6	1.82	1.06	0.05	0.91	0.25	0.08	0.17	0.11	0.42	0.13	0.1	0.04	0.06	0	0.75	0.79	0.33	0.45	-1.62	0.52	0.4	0.13	-2.15	-1.93	-0.21	0.44	0.29	0.2	0.1	0.1	0.09	0.04	0.04	0.15	0.09	0.06
dd23	Q3_2004	3.6	2.57	1.15	0.68	0.18	0.19	0.28	0.04	0.46	0.16	0.1	-0.05	0.25	1.43	1.44	0.28	0.57	0	0.07	0.15	0.23	0.15	-0.02	0.31	0.33	1.16	1.47	1.3	0.15	0.81	0.09	0.11	-0.02	0.15	0.38	0.19	0.34	0.2	0.1	-0.02	0.17	-0.31	-0.22	-0.09	-0.48	0.27	0.25	0.02	-0.75	-0.72	-0.03	0.3	0.51	0.58	0.38	0.2	-0.07	-0.06	-0.01	-0.21	0.02	-0.22
dd24	Q4_2004	3.4	2.79	1.04	0.5	0.1	0.1	0.22	0.07	0.54	0.22	0.19	0.01	0.12	1.76	1.76	0.62	0.39	0.05	0.02	0.17	0.47	0.05	0	0.26	0.27	1.52	1.37	1.02	0	0.73	0.12	0.14	-0.01	0.1	0.38	0.12	0.3	0.19	0.05	0	0.34	0.15	-0.07	0.22	-0.56	0.91	0.51	0.4	-1.47	-1.23	-0.24	-0.33	-0.25	-0.42	-0.39	-0.03	0.17	0.16	0.01	-0.08	0.09	-0.17
dd25	Q1_2005	4.5	2.19	1.14	0.37	-0.29	0.11	0.42	0.13	0.77	0.32	0.13	0.15	0.17	1.05	1.26	0.51	0.19	0.01	0.11	0.09	0.23	0.11	-0.22	-0.14	0.08	2.17	1.2	0.6	0.13	0.21	0.19	-0.06	0.25	0.11	-0.19	0.1	0.26	0.03	0.18	0.04	0.6	0.97	-0.37	1.34	-0.09	0.46	0.54	-0.08	-0.55	-0.64	0.09	0.18	0.17	0.17	0.18	-0.01	0	0.01	-0.01	0	0.04	-0.04
dd26	Q2_2005	2.2	2.8	1.24	0.98	0.42	0.13	0.34	0.08	0.26	0.08	0.2	-0.2	0.18	1.57	1.4	0.58	0.26	0.03	0.06	0.23	0.35	-0.11	0.16	0.24	0.08	-0.99	1.17	0.69	-0.05	0.51	0.13	0.08	0.06	-0.05	0.2	0.23	0.24	0.16	0.04	0.07	0.47	-2.16	0.18	-2.34	0.25	0.84	0.87	-0.02	-0.6	-0.51	-0.08	0.14	0.06	0.16	0.03	0.12	-0.09	-0.09	-0.01	0.07	0.03	0.04
dd27	Q3_2005	3.3	2.02	0.53	0.39	0.07	0.15	0.15	0.02	0.14	0.18	-0.03	-0.13	0.11	1.49	1.45	0.54	0.5	0.03	0	0.11	0.22	0.05	0.04	0.3	0.26	0.81	1.19	0.9	-0.06	0.81	0.3	0.11	0.18	0.21	0.29	0.02	0.15	0.04	0.08	0.05	0.29	-0.38	0.08	-0.46	-0.11	0.03	-0.04	0.06	-0.14	-0.1	-0.04	0.6	0.53	0.41	0.32	0.08	0.12	0.06	0.07	0.07	0.13	-0.06
dd28	Q4_2005	2.2	1	0.1	-0.93	-1.51	0.19	0.25	0.15	1.02	0.24	0.28	0.2	0.3	0.9	0.57	0.16	0.04	-0.05	0.08	0.17	0.01	0.17	0.33	0.25	-0.09	2.32	0.14	0.2	0.09	0.16	0.14	0.18	-0.03	0.2	-0.23	0.05	-0.06	0.01	-0.09	0.04	-0.06	2.18	-0.04	2.23	-0.8	1.06	0.8	0.26	-1.86	-1.68	-0.19	-0.29	-0.43	-0.55	-0.49	-0.06	0.12	0.11	0.01	0.15	0.02	0.13
dd29	Q1_2006	4.9	3.01	1.86	1.35	0.44	0.22	0.54	0.15	0.5	0.09	0.06	-0.08	0.43	1.15	0.89	-0.13	0.24	-0.02	0.13	0.24	0.22	0.19	0.26	0.3	0.03	1.1	1.59	1.84	0.4	1.27	0.55	0.16	0.4	-0.05	0.58	0.19	0.17	0.07	0.1	0.03	-0.25	-0.49	-0.01	-0.47	0.23	1.56	1.27	0.29	-1.33	-0.89	-0.44	0.61	0.71	0.37	0.3	0.07	0.35	0.24	0.1	-0.11	-0.05	-0.05
dd30	Q2_2006	1.3	1.41	0.16	-0.04	-0.01	-0.1	0.09	-0.02	0.2	0.19	-0.07	-0.07	0.14	1.25	1.01	0.55	0.21	0.05	0.06	-0.09	-0.01	0.24	0.24	0.25	0.02	-0.5	-0.69	0.63	0.34	0.08	0.05	0.1	-0.06	0.31	-0.26	-0.01	0.21	0.07	0.15	0.03	-1.33	0.19	-0.25	0.44	0.07	0.76	0.43	0.34	-0.69	-0.66	-0.03	0.27	-0.04	0.14	-0.03	0.18	-0.18	-0.14	-0.05	0.31	0.09	0.22
dd31	Q3_2006	0.3	1.62	0.76	0.46	0.2	0.04	0.2	0.02	0.3	0.04	0.1	0.07	0.1	0.86	0.74	0.3	0.22	0	0.07	0.09	-0.03	0.08	0.12	0.22	0.09	-0.8	-0.78	0.61	0.21	0.06	0.24	0.17	0.07	-0.04	-0.03	-0.11	0.34	0.1	0.25	-0.01	-1.39	-0.02	0.04	-0.05	-0.63	-0.09	0.05	-0.14	-0.54	-0.59	0.04	0.16	0.01	-0.1	-0.02	-0.08	0.11	0.09	0.02	0.16	0.19	-0.03
dd32	Q4_2006	3.2	2.63	1.45	0.44	-0.01	-0.02	0.4	0.08	1	0.28	0.1	0.22	0.4	1.18	1.23	-0.2	0.35	0.09	0.24	0.25	0.25	0.24	-0.05	0.15	0.19	-1.83	-0.76	0.34	-0.01	0.09	-0.01	0.01	-0.02	0.01	0.08	0.02	0.26	0.12	0.14	-0.01	-1.09	-1.07	0.05	-1.13	1.85	1.75	0.94	0.81	0.1	0.39	-0.29	0.51	0.3	0.45	0.3	0.15	-0.14	-0.15	0.01	0.2	0.31	-0.11
dd33	Q1_2007	0.3	1.58	0.5	0.37	0.07	0.11	0.17	0.02	0.12	0.04	0.06	-0.05	0.08	1.08	1.05	0.24	0.22	0.04	0.07	-0.07	0.27	0.27	0.03	0.2	0.17	-0.71	-0.12	0.89	0.45	0.3	0.5	0.14	0.36	-0.11	0.03	-0.12	0.14	0.16	0	-0.01	-1.01	-0.58	0.23	-0.82	-0.45	0.64	0.42	0.22	-1.09	-0.92	-0.17	-0.16	-0.39	-0.37	-0.34	-0.04	-0.01	0	-0.01	0.23	0.17	0.06
dd34	Q2_2007	3.1	0.91	0.36	0.48	0.16	-0.05	0.24	0.12	-0.12	-0.1	-0.01	-0.12	0.11	0.56	0.64	0.07	0.18	0	0.05	0.04	0.23	0.08	-0.09	0.01	0.1	1.02	0.19	1.03	0.7	0.28	0.07	-0.04	0.11	0.33	-0.28	0.16	0.05	0.02	0.04	0	-0.84	0.83	-0.21	1.04	0.53	0.78	0.49	0.3	-0.26	-0.15	-0.1	0.66	0.46	0.39	0.2	0.19	0.06	0.04	0.03	0.2	0.11	0.09
dd35	Q3_2007	2.7	1.08	0.44	0.36	-0.08	0.03	0.35	0.07	0.08	0.02	0.07	-0.07	0.06	0.63	0.53	0.14	0.37	-0.04	0.11	0.02	0.11	-0.18	0.11	0.15	0.04	-0.44	-0.45	0.81	0.63	0.12	0.21	0.09	0.11	0.02	-0.07	-0.04	0.06	0.07	-0.01	-0.03	-1.26	0.01	0.05	-0.05	1.53	1.58	0.92	0.66	-0.05	0.05	-0.1	0.56	0.55	0.43	0.41	0.02	0.12	0.09	0.03	0.01	0	0.01
dd36	Q4_2007	1.5	0.39	0.07	0.13	-0.06	-0.01	0.21	-0.01	-0.05	0.08	-0.03	-0.1	-0.01	0.31	-0.01	-0.14	0.17	-0.06	0	0.15	-0.07	-0.04	0.32	0.25	-0.07	-1.43	-0.64	0.88	0.34	0.23	0.5	0.16	0.34	-0.28	0.03	-0.02	0.31	0.1	0.24	-0.01	-1.53	-0.79	0.03	-0.82	2.21	1.26	0.71	0.55	0.95	0.81	0.14	0.31	0.16	0.03	0.02	0.01	0.13	0.12	0.01	0.15	0.09	0.07
dd37	Q1_2008	-2.7	-0.55	-1.27	-0.93	-0.53	-0.19	-0.11	-0.1	-0.34	-0.1	-0.07	-0.09	-0.09	0.72	0.52	0.38	0.44	-0.11	-0.03	-0.22	-0.06	0.13	0.2	0.3	0.1	-2.36	-1.31	0	0.06	-0.3	-0.06	0.11	-0.17	-0.02	-0.05	-0.16	0.24	0.21	0.05	0	-1.31	-1.05	-0.1	-0.95	-0.07	0.58	0.82	-0.24	-0.65	-0.35	-0.3	0.32	0.47	0.31	0.25	0.06	0.15	0.15	0.01	-0.15	-0.11	-0.04
dd38	Q2_2008	2	0.53	0.33	-0.09	-0.45	0.09	0.29	-0.02	0.43	0.09	0.26	-0.17	0.25	0.19	-0.09	0.15	0.08	-0.15	-0.02	0.09	-0.11	-0.14	0.28	0.19	-0.09	-1.21	-0.97	-0.31	0.24	-0.61	-0.01	0.03	-0.04	-0.05	-0.56	0.01	0.06	0.03	0.06	-0.03	-0.67	-0.24	0.21	-0.44	2.05	1.42	1.07	0.35	0.63	0.51	0.13	0.62	0.56	0.38	0.09	0.3	0.17	0.12	0.05	0.07	-0.06	0.12
dd39	Q3_2008	-2	-2.11	-1.77	-0.93	-0.47	-0.25	-0.15	-0.06	-0.84	-0.27	-0.18	-0.41	0.03	-0.35	-0.58	-0.14	0.09	-0.18	-0.13	-0.16	0.03	-0.09	0.23	0.24	0.01	-1.86	-2.12	-1.42	-0.1	-1.18	-0.36	-0.16	-0.2	-0.1	-0.69	-0.03	-0.14	0.02	-0.12	-0.02	-0.71	0.26	0.08	0.19	0.88	-0.45	-0.22	-0.23	1.33	1.54	-0.21	1.13	0.91	0.85	0.73	0.12	0.06	0.02	0.04	0.22	0.19	0.03
dd40	Q4_2008	-8.3	-3.08	-3	-2.09	-1.01	-0.36	-0.47	-0.25	-0.92	-0.5	-0.31	0.22	-0.31	-0.08	-0.35	0.44	0.13	-0.33	-0.13	-0.25	-0.22	0.02	0.28	0.23	-0.05	-5.74	-4.29	-3	-0.35	-2.5	-0.74	-0.2	-0.53	-0.25	-1.04	-0.47	-0.15	-0.09	-0.04	-0.02	-1.29	-1.45	-0.05	-1.4	-0.08	-2.92	-2.73	-0.19	2.85	2.98	-0.14	0.56	0.56	0.29	0.24	0.05	0.28	0.24	0.04	0	0.19	-0.19
dd41	Q1_2009	-5.4	-0.83	0.11	0.07	0.24	-0.23	0.08	-0.03	0.04	-0.04	-0.1	0.27	-0.08	-0.94	-0.71	0.09	0.31	-0.28	-0.1	-0.29	-0.16	-0.28	-0.23	0.05	0.28	-7.02	-4.75	-3.58	-1.1	-2.25	-0.23	0.03	-0.26	-0.67	-0.96	-0.39	-0.23	-0.04	-0.17	-0.04	-1.17	-2.26	-0.09	-2.17	2.25	-3.59	-3.13	-0.46	5.84	5.33	0.51	0.15	-0.24	-0.45	-0.25	-0.2	0.21	0.2	0.01	0.39	0.39	0
dd42	Q2_2009	-0.4	-1.13	-0.59	-0.16	0.04	-0.12	-0.1	0.02	-0.43	0.16	-0.16	-0.17	-0.26	-0.54	-0.37	0.11	0.35	-0.15	-0.1	-0.16	-0.12	-0.3	-0.17	0.07	0.23	-3.25	-2.13	-1.46	-1.03	-0.6	0.03	0.1	-0.07	-0.23	-0.02	-0.37	0.16	0.07	0.08	-0.02	-0.66	-1.12	-0.01	-1.11	2.4	0.1	-0.18	0.28	2.29	2.15	0.14	1.56	1.09	0.87	0.7	0.18	0.21	0.2	0.01	0.47	0.29	0.18
dd43	Q3_2009	1.3	1.73	1.57	1.35	0.93	0.08	0.31	0.03	0.22	0.13	0.09	-0.07	0.07	0.15	0.14	0.1	0.18	-0.11	-0.05	-0.04	0.01	0.06	0.01	0.1	0.09	-0.4	-0.02	-0.54	-0.84	0.25	0.43	0.12	0.31	-0.11	0.09	-0.16	0.04	0.07	-0.02	-0.03	0.52	-0.38	-0.09	-0.29	-0.53	1.45	1.41	0.04	-1.98	-1.92	-0.06	0.48	0.47	0.46	0.41	0.06	0.01	-0.06	0.07	0.01	0.04	-0.03
dd44	Q4_2009	3.9	0.05	-0.21	-0.52	-0.92	0.11	0.28	0.01	0.31	0.21	0.08	-0.1	0.13	0.26	0.1	0.26	-0.14	-0.08	0.07	-0.02	-0.15	0.15	0.16	0.02	-0.15	4.05	-0.36	-0.37	-0.98	0.36	0.27	0.25	0.02	-0.06	0.2	-0.05	0.25	0.1	0.11	0.02	0.01	4.4	0.1	4.3	-0.05	2.42	1.99	0.43	-2.47	-2.41	-0.06	-0.17	0.02	-0.07	0.01	-0.08	0.09	0.04	0.06	-0.19	0.07	-0.26
dd45	Q1_2010	1.6	1.42	0.88	0.37	-0.1	0.17	0.21	0.08	0.51	0.19	0.19	0.01	0.13	0.54	0.53	0.18	-0.11	0.01	0.08	0.15	0.21	0.01	0	-0.08	-0.08	1.77	0.11	0.46	-0.73	1.25	0.14	0.03	0.12	-0.09	0.87	0.34	-0.07	-0.15	0.01	-0.01	-0.35	1.66	-0.06	1.72	-0.96	0.73	0.85	-0.12	-1.7	-1.68	-0.02	-0.63	0.32	-0.11	-0.05	-0.06	0.43	0.34	0.09	-0.95	-0.68	-0.28
dd46	Q2_2010	3.9	2.21	1.14	0.84	0.39	0.2	0.25	0.01	0.29	-0.15	0.14	0.1	0.21	1.07	1	-0.02	0.41	0.04	-0.06	0.13	0.41	0.08	0.07	0.32	0.25	2.86	1.77	1.21	0.27	1.02	0.06	-0.03	0.09	0.22	0.55	0.19	-0.08	-0.14	-0.03	0.04	0.56	1.09	-0.09	1.18	-1.77	1.1	0.93	0.17	-2.87	-2.77	-0.1	0.61	0.71	0.34	0.23	0.11	0.37	0.28	0.09	-0.1	-0.35	0.24
dd47	Q3_2010	2.8	1.87	0.85	0.46	0.17	0.03	0.18	0.08	0.38	0.09	0.02	0.05	0.23	1.02	1.14	0.27	0.44	0.05	0.15	0.1	-0.02	0.15	-0.11	0.18	0.29	1.86	-0.04	0.9	-0.15	0.83	0.13	-0.09	0.22	0.04	0.54	0.12	0.22	0.06	0.11	0.08	-0.94	1.9	-0.11	2.01	-0.88	1.27	0.7	0.57	-2.15	-1.79	-0.36	-0.07	0.32	0.41	0.37	0.04	-0.09	-0.11	0.02	-0.39	-0.41	0.02
dd48	Q4_2010	2.8	2.86	1.66	0.88	0.46	0.13	0.18	0.11	0.78	0.31	0.27	-0.04	0.25	1.2	1.27	0.28	0.43	0.04	0.08	0.14	0.2	0.1	-0.07	0.17	0.24	-0.51	1.13	0.94	0.18	0.57	0.19	-0.03	0.22	0.14	0.08	0.16	0.19	0.09	0.06	0.09	0.19	-1.64	0.02	-1.66	1.32	1.47	1.07	0.4	-0.15	-0.22	0.07	-0.87	-0.23	-0.19	-0.25	0.06	-0.04	-0.05	0.01	-0.63	-0.35	-0.28
dd49	Q1_2011	-1.3	1.42	0.6	0.38	0.09	0.04	0.21	0.04	0.22	0.07	0.05	-0.08	0.19	0.81	0.84	0.06	0.24	0.02	-0.06	0.21	0.22	0.14	-0.03	-0.06	-0.02	-1.11	-0.05	-0.09	-0.82	0.59	-0.15	-0.09	-0.06	0.22	0.26	0.25	0.14	0.13	0.04	0.05	0.04	-1.06	0.11	-1.17	0.01	0.48	0.38	0.09	-0.46	-0.61	0.14	-1.61	-0.94	-0.83	-0.47	-0.36	-0.11	-0.13	0.02	-0.67	-0.33	-0.34
dd50	Q2_2011	3.2	1.03	0.05	-0.06	-0.43	0.09	0.18	0.09	0.11	0.08	0.1	-0.25	0.18	0.98	0.94	0.17	0.3	0.09	0.15	0.2	0.02	0	0.04	0.11	0.06	1.88	1.16	1.09	0.68	0.23	0.14	0.14	0	0	0.04	0.05	0.18	0.13	0.06	0.04	0.07	0.72	-0.02	0.74	0.53	0.64	0.34	0.3	-0.11	0.1	-0.21	-0.25	0.16	0.36	0.31	0.06	-0.21	-0.17	-0.04	-0.41	-0.26	-0.15
dd51	Q3_2011	1.4	1.42	0.29	0.36	0.04	0.09	0.2	0.04	-0.08	-0.05	-0.15	-0.01	0.14	1.14	0.84	0.32	-0.09	0.06	0.07	0.14	0.31	0.03	0.3	0	-0.3	0.36	1.96	1.81	0.62	0.99	-0.01	0.03	-0.03	0.33	0.43	0.24	0.2	0.14	0.05	-0.03	0.15	-1.6	0.08	-1.68	0.1	0.92	0.53	0.39	-0.82	-0.5	-0.32	-0.52	-0.29	0.13	0.19	-0.06	-0.42	-0.39	-0.03	-0.23	-0.17	-0.06
dd52	Q4_2011	4.9	1.65	1.14	0.93	0.56	0.17	0.25	-0.04	0.21	-0.02	0.09	-0.02	0.15	0.51	0.66	-0.13	0.55	0.02	0.02	0.18	-0.1	0.12	-0.15	0.26	0.41	4.13	1.39	1.1	0.35	0.54	0.05	0.06	-0.01	0.23	0.47	-0.2	0.21	0.16	0.03	-0.01	0.29	2.73	0.05	2.68	-0.6	0.38	0.72	-0.35	-0.98	-0.93	-0.05	-0.31	-0.25	-0.57	-0.58	0	0.32	0.38	-0.06	-0.05	-0.04	-0.01
dd53	Q1_2012	3.7	1.98	1.04	0.69	0.26	0.13	0.22	0.09	0.35	0.15	0.1	-0.12	0.22	0.94	0.87	-0.12	0.54	-0.01	0.05	0.18	-0.05	0.28	0.06	0.39	0.33	1.57	1.21	0.68	0.18	0.45	0.23	0.11	0.12	-0.19	0.3	0.11	0.05	0.03	0.03	0.01	0.53	0.36	0.08	0.27	0.44	0.56	0.17	0.39	-0.12	-0.12	0	-0.28	-0.2	-0.36	-0.11	-0.25	0.16	0.18	-0.02	-0.08	0.1	-0.18
dd54	Q2_2012	1.2	1.28	0.5	0.21	-0.11	0.02	0.19	0.12	0.28	0.12	-0.09	0.18	0.07	0.78	0.52	0.55	0.03	0.04	0.01	0.1	-0.17	-0.04	0.26	0.09	-0.16	-0.23	0.68	0.53	0.18	0.29	-0.2	-0.1	-0.1	0.12	0.29	0.08	0.07	0.11	-0.03	0.02	0.15	-0.91	-0.14	-0.76	0.1	0.51	0.48	0.03	-0.41	-0.35	-0.06	0.05	-0.02	-0.05	-0.13	0.08	0.04	0.03	0	0.07	0.03	0.04
dd55	Q3_2012	2.8	1.15	0.84	0.59	0.19	0.09	0.22	0.08	0.25	0.09	0.11	-0.08	0.14	0.31	0.25	0.16	0.26	0.02	0.03	0.05	-0.35	0.09	0.06	0.31	0.25	0.99	0.39	0.04	0.15	-0.22	-0.08	-0.19	0.11	0	-0.25	0.1	0.11	0.06	0.04	-0.01	0.35	0.6	-0.32	0.91	-0.03	0.05	0.16	-0.1	-0.08	-0.05	-0.03	0.67	0.69	0.6	0.61	-0.01	0.08	0.08	0	-0.02	0.12	-0.14
dd56	Q4_2012	0.1	1.13	0.85	0.74	0.33	0.07	0.21	0.13	0.1	0.05	-0.04	-0.14	0.23	0.29	0.13	-0.35	0.26	-0.01	-0.04	0.27	-0.01	0.01	0.16	0.09	-0.07	-0.36	1.63	1.13	0.44	0.47	0.31	0.28	0.04	0.07	0.01	0.07	0.21	0.16	0.05	0	0.5	-2	0.1	-2.09	0.68	0.15	-0.28	0.43	0.53	0.5	0.03	-1.31	-1.19	-1.22	-1.14	-0.08	0.03	0.05	-0.02	-0.12	-0.01	-0.11
dd57	Q1_2013	1.1	1.54	0.85	0.43	0.13	0.07	0.16	0.07	0.43	0.11	0.04	0.11	0.17	0.69	1.04	0.58	0.14	0.06	0.06	0.11	0.27	-0.17	-0.35	-0.22	0.13	0.71	-0.23	-0.57	-0.8	0.09	-0.05	-0.08	0.04	0	-0.1	0.24	0.14	0.13	-0.01	0	0.34	0.93	0.88	0.06	-0.28	-0.18	-0.27	0.09	-0.1	0.03	-0.13	-0.82	-0.68	-0.57	-0.38	-0.18	-0.11	-0.05	-0.05	-0.14	0.01	-0.16
dd58	Q2_2013	2.5	1.24	0.71	0.46	-0.02	0.15	0.23	0.1	0.26	-0.06	0.13	-0.02	0.21	0.53	0.6	0.01	0.4	0	-0.02	0.03	0.2	-0.02	-0.07	0.25	0.31	1.38	0.96	0.56	0.43	0.18	0.16	-0.08	0.23	-0.01	0.08	-0.04	-0.06	-0.11	0.04	0.01	0.4	0.41	0.12	0.3	-0.07	1.04	0.84	0.2	-1.1	-1	-0.11	-0.07	-0.12	-0.03	-0.12	0.09	-0.09	-0.08	-0.02	0.05	0.04	0.01
dd59	Q3_2013	4.1	1.36	1.03	0.58	0.12	0.21	0.24	0	0.46	0.14	-0.09	0.08	0.33	0.32	0.24	-0.31	0.31	-0.04	0.1	0.02	0.09	0.06	0.08	0.15	0.07	2.56	0.89	0.58	0.35	0.02	0.03	0.01	0.03	0.18	0.04	-0.23	0.22	0.14	0.08	0.02	0.31	1.67	0.12	1.55	0.14	0.52	0.52	0.01	-0.39	-0.32	-0.07	0.08	-0.11	-0.02	-0.06	0.04	-0.09	-0.09	0	0.19	0.04	0.15
dd60	Q4_2013	2.6	2.22	0.66	0.21	0	0.04	0.07	0.11	0.45	0.16	0.09	-0.01	0.21	1.57	1.61	0.2	0.62	0.04	0.01	0.32	0.3	0.1	-0.04	0.42	0.46	0.41	0.43	0.68	-0.05	0.58	-0.01	0.13	-0.14	-0.04	0.33	0.31	0.15	0.05	0.09	0.01	-0.26	-0.02	-0.05	0.03	0.99	1.23	1.06	0.17	-0.24	-0.18	-0.06	-0.99	-1	-0.7	-0.53	-0.17	-0.29	-0.26	-0.03	0	0.04	-0.04
dd61	Q1_2014	-2.9	0.71	0.04	0.09	0.07	-0.03	0.03	0.02	-0.05	-0.06	-0.09	0.05	0.05	0.67	0.66	0.79	-0.16	0.03	-0.06	-0.07	0.13	0.01	0	-0.3	-0.3	-1.97	-0.27	-0.14	-0.22	-0.16	-0.19	-0.23	0.04	0.16	-0.05	-0.08	0.24	0.03	0.2	-0.01	-0.13	-1.7	-0.07	-1.63	-1.53	-1.25	-1.12	-0.12	-0.29	-0.25	-0.03	-0.14	0.05	-0.11	0.11	-0.22	0.16	0.17	-0.01	-0.18	0.06	-0.24
